Zip,Country
H3P 2X8,Canada
P3E 2P8,Canada
H3H 1E3,Canada
K2C3M5,Canada
H2P 1W9,Canada
H1N 1A2,Canada
H2E 1R9,Canada
N8X 2R7,Canada
L2N 2Z7,Canada
G5A 1T3,Canada
M6A 1B1,Canada
N5Y 5R6,Canada
P0P 2J0,Canada
P1L 2E9,Canada
V2A 3T1,Canada
L5R 3N9 ,Canada
V3H 2M5,Canada
V6L 2E7,Canada
L5N3B2,Canada
L4L1J3,Canada
M9B 3G7,Canada
P7A2J6,Canada
L4G1J5,Canada
N6H 1V4,Canada
N2G 3C8,Canada
M2N 7H1,Canada
T1J3E5,Canada
L8W 1B8,Canada
K7S 1X2,Canada
J2B6A2,Canada
M4M 2A1,Canada
J1H 1L6,Canada
N0M 2K0,Canada
N2H 1H6,Canada
K7L2Z5,Canada
L3P 4N3,Canada
M6R 2V5,Canada
N1L 1G1,Canada
L1R 2K5,Canada
N6C1T4,Canada
H2K 3S9,Canada
N5X 4B1,Canada
G5Y 5S1,Canada
M9V 3B2,Canada
L6S 1V3,Canada
T3J 0H5,Canada
J2K 3R9,Canada
G8Z 3R8,Canada
L8E 4M5,Canada
L8S 4P3,Canada
N9E 1A2,Canada
L9B 2N4,Canada
N6B 1W5,Canada
L7G3Z5,Canada
P7E 2V9,Canada
S0M 1G0,Canada
H8P 2N9,Canada
V4N 2R8,Canada
N1H 5H7,Canada
M6G 1G5,Canada
N3B 1K2,Canada
M3A 3R2,Canada
V4A1S1,Canada
T2V 2Y2,Canada
K7L 3S7,Canada
L3P 3K8,Canada
L6J 2L1,Canada
J4T 2V8,Canada
L5C1Y5,Canada
P3Y1M4,Canada
L0R1S0,Canada
H1G 2J6,Canada
V9M 3S8,Canada
H2P 2L8,Canada
T2W1H4,Canada
M1T 2M5,Canada
T4A1X9,Canada
 R7B2H8,Canada
H2V 3G5,Canada
P1B 8K5,Canada
J7E 1N7,Canada
T9H 4V6,Canada
N6K 1H5,Canada
P1P 1X7,Canada
S4R4C7,Canada
L6B0R4,Canada
H4L 3X7,Canada
N9A6Z6,Canada
G9N6V8,Canada
N9J 2T5,Canada
L9T2G4,Canada
N4S 2C8,Canada
M6S 4A3,Canada
N8H 5C7,Canada
L3R9S5,Canada
M6N 2H4,Canada
N7S 6K2,Canada
T3H1X8,Canada
N0B 1M0,Canada
L2T 2M9,Canada
G6L 1E1,Canada
N9B 1X4,Canada
M6P 3H9,Canada
P1H 2A2,Canada
V1L6X2,Canada
T3H3W5,Canada
L7S 1K4,Canada
N6A 1B9,Canada
V3V 4M1,Canada
M6H1M9,Canada
M6H 3Y1 ,Canada
G8Y 6Z1,Canada
M4C 2V2,Canada
N6J 1W1,Canada
L0M 1S0,Canada
J6W 1K1,Canada
H1B3A8,Canada
N7L 0B1,Canada
M3A 2V1,Canada
L6H 5Z8,Canada
T0C 0J0,Canada
H2H 1Z5,Canada
J4P 3G5,Canada
H4R1T4,Canada
L9G5E3,Canada
N6A 5B9,Canada
L7E3V8,Canada
G4W 1L1,Canada
N5X 1L8,Canada
N1R 5W1,Canada
N8N 3E4,Canada
N9E 1A5,Canada
M9W 2T4,Canada
M1B 3G5,Canada
L4C 3S3,Canada
H4T 1C3,Canada
L9T 7V8,Canada
N6A 3C2,Canada
V4A 4M6,Canada
S6H2V4,Canada
V4R1X2,Canada
S6H0L9,Canada
L4G 2P4,Canada
M1B 2L2,Canada
N0G 2W0,Canada
V9B 0L9,Canada
N3S7P5,Canada
L6J 3L6,Canada
M3B 3H9,Canada
L6J 3H1,Canada
M1C 2C6,Canada
G0R 2T0,Canada
V5C 3E2,Canada
P0P1G0,Canada
K2P 0B9,Canada
N0R1A0,Canada
J1L 1E5,Canada
L5V1N6,Canada
V2Z2P3,Canada
J1K2X6,Canada
K2K 2B6,Canada
J9X5C9,Canada
L5V 1N6,Canada
N9V 2Y7,Canada
J1X 3Y6,Canada
N6M 0B1,Canada
L5H2K8,Canada
H4B 1R2,Canada
L6M 4W2,Canada
K2J 5C6,Canada
T2N 1M6,Canada
V7C 1E6,Canada
 V8Z 6E9,Canada
L2S1P4,Canada
L3Y 1R9,Canada
T3B 5Y3,Canada
M1S 1R6,Canada
V4N 3G6,Canada
L9R 1G5,Canada
M2N5B2,Canada
N8H 3V8,Canada
J3Y3S3,Canada
T2C 3Z4,Canada
H1M 2V4,Canada
N2L 3X5,Canada
P0T 1C0,Canada
L4X 2J6,Canada
N5R 3C2,Canada
L5M 7E6,Canada
M1V 3S8,Canada
J3H 0K4,Canada
H8S 4C4,Canada
H3Y1R1,Canada
M1W2K1,Canada
T8L1R2,Canada
V9A 4N9,Canada
L3R 8G5,Canada
N7S 6L4,Canada
L0R1P0,Canada
N9J 2J1,Canada
H2S 2H8,Canada
L5V2B9,Canada
G1E 1B3,Canada
N9E 1A4,Canada
L8K 4G1,Canada
V5L 4N8,Canada
K7L 4V4,Canada
L8G 3V3,Canada
M6P 3E3,Canada
L8S 2G7,Canada
V1Z 2T6,Canada
N2Z 2B9,Canada
N2N 3B9,Canada
V7V 2G7,Canada
M1G 3M3,Canada
M1E 1P5,Canada
V5S 2X7,Canada
L0M1S0,Canada
M3N 1W7,Canada
T1K 0P2,Canada
R2V 0P7,Canada
K0M 1N0,Canada
G5L7A7,Canada
L6M 4K6,Canada
L0E 1R0,Canada
N6M 4W7,Canada
N8X 2R2,Canada
N7S6K2,Canada
M2L1A2,Canada
H2C1X4,Canada
V3V 5W4,Canada
M3K 1W3,Canada
H1A 3P9,Canada
M8V 4B7,Canada
H8R 2J9,Canada
N5R6A7,Canada
K0A 1L0,Canada
M9M 2V9,Canada
L6B0E4,Canada
K2B7M8,Canada
J1E 1V1,Canada
G1H 1H1,Canada
M1L0H2,Canada
T1J4A3,Canada
M6L 1M8,Canada
 N9E1J2,Canada
H1H 3S3,Canada
H4C 1J3,Canada
L7M0N6,Canada
L1S 5H4,Canada
J7Y 4M7,Canada
N8N0C1,Canada
V0K 2E0,Canada
N4K 1X2,Canada
V1X 3B6,Canada
H8T1H8,Canada
L7L1V3,Canada
L3Y 8H1,Canada
K6V 1E2,Canada
T3H 0N7,Canada
L7P 3N9,Canada
V8P 3H9,Canada
T0L1Y0,Canada
V3N 5E5,Canada
V7M 2W7,Canada
K2A 0E2,Canada
L1J 1G5,Canada
